BugId,Link,Title,Type,concurrencyBugs,configBugs,optimBugs,perfBugs,errorBugs,hangBugs
HADOOP-16535,https://issues.apache.org/jira/browse/HADOOP-16535?jql=id%3DHADOOP-16535,wasb Azure storage exceptions get wrapped as NoSuchElementExceptions,['error handling'],0,0,0,0,1,0
HADOOP-16534,https://issues.apache.org/jira/browse/HADOOP-16534?jql=id%3DHADOOP-16534,Exclude submarine from hadoop source build,[],0,0,0,0,0,0
HADOOP-16533,https://issues.apache.org/jira/browse/HADOOP-16533?jql=id%3DHADOOP-16533,Update jackson-databind to 2.9.9.3,[],0,0,0,0,0,0
HADOOP-16532,https://issues.apache.org/jira/browse/HADOOP-16532?jql=id%3DHADOOP-16532,TestViewFsTrash uses home directory of real fs; brittle,[],0,0,0,0,0,0
HADOOP-16528,https://issues.apache.org/jira/browse/HADOOP-16528?jql=id%3DHADOOP-16528,Update document for web authentication kerberos principal configuration,['configuration'],0,1,0,0,0,0
HADOOP-16521,https://issues.apache.org/jira/browse/HADOOP-16521?jql=id%3DHADOOP-16521,Subject has a contradiction between proxy user and real user,[],0,0,0,0,0,0
HADOOP-16519,https://issues.apache.org/jira/browse/HADOOP-16519?jql=id%3DHADOOP-16519,Updating incompatible issue,[],0,0,0,0,0,0
HADOOP-16518,https://issues.apache.org/jira/browse/HADOOP-16518?jql=id%3DHADOOP-16518,Updating incompatible issue,[],0,0,0,0,0,0
HADOOP-16496,https://issues.apache.org/jira/browse/HADOOP-16496?jql=id%3DHADOOP-16496,Apply HDDS-1870 (ConcurrentModification at PrometheusMetricsSink) to Hadoop common,[],0,0,0,0,0,0
HADOOP-16495,https://issues.apache.org/jira/browse/HADOOP-16495?jql=id%3DHADOOP-16495,Fix invalid metric types in PrometheusMetricsSink,[],0,0,0,0,0,0
HADOOP-16494,https://issues.apache.org/jira/browse/HADOOP-16494?jql=id%3DHADOOP-16494,Add SHA-256 or SHA-512 checksum to release artifacts to comply with the release distribution policy,[],0,0,0,0,0,0
HADOOP-16487,https://issues.apache.org/jira/browse/HADOOP-16487?jql=id%3DHADOOP-16487,Update jackson-databind to 2.9.9.2,[],0,0,0,0,0,0
HADOOP-16475,https://issues.apache.org/jira/browse/HADOOP-16475?jql=id%3DHADOOP-16475,high number of calls to UserGroupInformation loginUserFromSubject creates huge number of ticket renewal thread which leads to Out of Memory,[],0,0,0,0,0,0
HADOOP-16463,https://issues.apache.org/jira/browse/HADOOP-16463?jql=id%3DHADOOP-16463,Migrate away from jsr305 jar,[],0,0,0,0,0,0
HADOOP-16462,https://issues.apache.org/jira/browse/HADOOP-16462?jql=id%3DHADOOP-16462,"distcp error log not print out while use java client to call distcp.run method, only get -999 error code",[],0,0,0,0,0,0
HADOOP-16461,https://issues.apache.org/jira/browse/HADOOP-16461?jql=id%3DHADOOP-16461,Regression: FileSystem cache lock parses XML within the lock,[],0,0,0,0,0,0
HADOOP-16460,https://issues.apache.org/jira/browse/HADOOP-16460?jql=id%3DHADOOP-16460,ABFS: fix for Sever Name Indication (SNI),[],0,0,0,0,0,0
HADOOP-16457,https://issues.apache.org/jira/browse/HADOOP-16457?jql=id%3DHADOOP-16457,Hadoop does not work with Kerberos config in hdfs-site.xml for simple security,[],0,0,0,0,0,0
HADOOP-16451,https://issues.apache.org/jira/browse/HADOOP-16451?jql=id%3DHADOOP-16451,Update jackson-databind to 2.9.9.1,[],0,0,0,0,0,0
HADOOP-16448,https://issues.apache.org/jira/browse/HADOOP-16448?jql=id%3DHADOOP-16448,Connection to Hadoop homepage is not secure,[],0,0,0,0,0,0
HADOOP-16446,https://issues.apache.org/jira/browse/HADOOP-16446?jql=id%3DHADOOP-16446,Rolling upgrade to Hadoop 3.2.0 breaks due to backward in-compatible change,[],0,0,0,0,0,0
HADOOP-16444,https://issues.apache.org/jira/browse/HADOOP-16444?jql=id%3DHADOOP-16444,Updating incompatible issue,[],0,0,0,0,0,0
HADOOP-16443,https://issues.apache.org/jira/browse/HADOOP-16443?jql=id%3DHADOOP-16443,Improve help text for setfacl --set option,[],0,0,0,0,0,0
HADOOP-16441,https://issues.apache.org/jira/browse/HADOOP-16441?jql=id%3DHADOOP-16441," if use -Dbundle.openssl=true, bundled with unnecessary libk5crypto.*",[],0,0,0,0,0,0
HADOOP-16437,https://issues.apache.org/jira/browse/HADOOP-16437?jql=id%3DHADOOP-16437,Documentation typos: fs.s3a.experimental.fadvise -> fs.s3a.experimental.input.fadvise,[],0,0,0,0,0,0
HADOOP-16435,https://issues.apache.org/jira/browse/HADOOP-16435?jql=id%3DHADOOP-16435,RpcMetrics should not be retained forever,[],0,0,0,0,0,0
HADOOP-16428,https://issues.apache.org/jira/browse/HADOOP-16428?jql=id%3DHADOOP-16428,"Distcp don't make use of S3a Committers, be it magic or staging",[],0,0,0,0,0,0
HADOOP-16418,https://issues.apache.org/jira/browse/HADOOP-16418?jql=id%3DHADOOP-16418,Fix checkstyle and findbugs warnings in hadoop-dynamometer,[],0,0,0,0,0,0
HADOOP-16411,https://issues.apache.org/jira/browse/HADOOP-16411?jql=id%3DHADOOP-16411,Fix javadoc warnings in hadoop-dynamometer,[],0,0,0,0,0,0
HADOOP-16410,https://issues.apache.org/jira/browse/HADOOP-16410?jql=id%3DHADOOP-16410,Hadoop 3.2 azure jars incompatible with alpine 3.9,[],0,0,0,0,0,0
HADOOP-16408,https://issues.apache.org/jira/browse/HADOOP-16408?jql=id%3DHADOOP-16408,"`hadoop classpath` does not export azure jars, only data lake",[],0,0,0,0,0,0
HADOOP-16402,https://issues.apache.org/jira/browse/HADOOP-16402?jql=id%3DHADOOP-16402,AAD MSI flow is broken for azure datalake component,[],0,0,0,0,0,0
HADOOP-16440,https://issues.apache.org/jira/browse/HADOOP-16440?jql=id%3DHADOOP-16440,Distcp can not preserve timestamp with -delete  option,[],0,0,0,0,0,0
HADOOP-16400,https://issues.apache.org/jira/browse/HADOOP-16400?jql=id%3DHADOOP-16400,Update Maven Clover plugin to 4.0.6,[],0,0,0,0,0,0
HADOOP-16399,https://issues.apache.org/jira/browse/HADOOP-16399?jql=id%3DHADOOP-16399,Add missing getFileBlockLocations overload to FilterFileSystem,[],0,0,0,0,0,0
HADOOP-16391,https://issues.apache.org/jira/browse/HADOOP-16391?jql=id%3DHADOOP-16391,Duplicate values in rpcDetailedMetrics,[],0,0,0,0,0,0
HADOOP-16390,https://issues.apache.org/jira/browse/HADOOP-16390?jql=id%3DHADOOP-16390,Build fails due to bad use of '>' in javadoc,[],0,0,0,0,0,0
HADOOP-16388,https://issues.apache.org/jira/browse/HADOOP-16388?jql=id%3DHADOOP-16388,Build fails: find: ./share: No such file or directory,[],0,0,0,0,0,0
HADOOP-16386,https://issues.apache.org/jira/browse/HADOOP-16386?jql=id%3DHADOOP-16386,FindBugs warning in branch-2: GlobalStorageStatistics defines non-transient non-serializable instance field map,[],0,0,0,0,0,0
HADOOP-16385,https://issues.apache.org/jira/browse/HADOOP-16385?jql=id%3DHADOOP-16385,"Namenode crashes with ""RedundancyMonitor thread received Runtime exception""",[],0,0,0,0,0,0
HADOOP-16381,https://issues.apache.org/jira/browse/HADOOP-16381?jql=id%3DHADOOP-16381,The JSON License is included in binary tarball via azure-documentdb:1.16.2,[],0,0,0,0,0,0
HADOOP-16378,https://issues.apache.org/jira/browse/HADOOP-16378?jql=id%3DHADOOP-16378,RawLocalFileStatus throws exception if a file is created and deleted quickly,[],0,0,0,0,0,0
HADOOP-16374,https://issues.apache.org/jira/browse/HADOOP-16374?jql=id%3DHADOOP-16374,Fix DistCp#cleanup called twice unnecessarily,[],0,0,0,0,0,0
HADOOP-16373,https://issues.apache.org/jira/browse/HADOOP-16373?jql=id%3DHADOOP-16373,Fix typo in FileSystemShell#test documentation,[],0,0,0,0,0,0
HADOOP-16372,https://issues.apache.org/jira/browse/HADOOP-16372?jql=id%3DHADOOP-16372,Fix typo in DFSUtil getHttpPolicy method,[],0,0,0,0,0,0
HADOOP-16361,https://issues.apache.org/jira/browse/HADOOP-16361?jql=id%3DHADOOP-16361,TestSecureLogins#testValidKerberosName fails on branch-2,[],0,0,0,0,0,0
HADOOP-16352,https://issues.apache.org/jira/browse/HADOOP-16352?jql=id%3DHADOOP-16352,Fix hugo warnings in hadoop-site,[],0,0,0,0,0,0
HADOOP-16345,https://issues.apache.org/jira/browse/HADOOP-16345?jql=id%3DHADOOP-16345,Potential NPE when instantiating FairCallQueue metrics,[],0,0,0,0,0,0
HADOOP-16341,https://issues.apache.org/jira/browse/HADOOP-16341?jql=id%3DHADOOP-16341,ShutDownHookManager: Regressed performance on Hook removals after HADOOP-15679,[],0,0,0,0,0,0
HADOOP-16339,https://issues.apache.org/jira/browse/HADOOP-16339?jql=id%3DHADOOP-16339,minicluster dependencies pulls log4j.properties onto classpath,[],0,0,0,0,0,0
HBASE-22955,https://issues.apache.org/jira/browse/HBASE-22955?jql=id%3DHBASE-22955,Branches-1 precommit and nightly yetus jobs are using jdk8 for jdk7 jobs,[],0,0,0,0,0,0
HBASE-22952,https://issues.apache.org/jira/browse/HBASE-22952?jql=id%3DHBASE-22952,HBCK2 replication command is incompatible with 2.0.x,[],0,0,0,0,0,0
HBASE-22951,https://issues.apache.org/jira/browse/HBASE-22951?jql=id%3DHBASE-22951,"[HBCK2] hbase hbck throws IOE ""No FileSystem for scheme: hdfs""",[],0,0,0,0,0,0
HBASE-22949,https://issues.apache.org/jira/browse/HBASE-22949?jql=id%3DHBASE-22949,[HBCK2] Add lang3 as explicit dependency,[],0,0,0,0,0,0
HBASE-22944,https://issues.apache.org/jira/browse/HBASE-22944?jql=id%3DHBASE-22944,TableNotFoundException: hbase:quota  is thrown when region server is restarted.,[],0,0,0,0,0,0
HBASE-22943,https://issues.apache.org/jira/browse/HBASE-22943?jql=id%3DHBASE-22943,Various procedures should not cache log trace level,[],0,0,0,0,0,0
HBASE-22941,https://issues.apache.org/jira/browse/HBASE-22941?jql=id%3DHBASE-22941,MetaTableAccessor.getMergeRegions() returns parent regions in random order,[],0,0,0,0,0,0
HBASE-22940,https://issues.apache.org/jira/browse/HBASE-22940?jql=id%3DHBASE-22940,Fix snapshot NoNode error,[],0,0,0,0,0,0
HBASE-22939,https://issues.apache.org/jira/browse/HBASE-22939?jql=id%3DHBASE-22939,SpaceQuotas- Bulkload from different hdfs failed when space quotas are turned on.,[],0,0,0,0,0,0
HBASE-22937,https://issues.apache.org/jira/browse/HBASE-22937?jql=id%3DHBASE-22937,The RawBytesComparator in branch-1 have wrong comparison order,[],0,0,0,0,0,0
HBASE-22936,https://issues.apache.org/jira/browse/HBASE-22936?jql=id%3DHBASE-22936,Close memStoreScanners in StoreScanner#updateReaders else memory leak,[],0,0,0,0,0,0
HBASE-22935,https://issues.apache.org/jira/browse/HBASE-22935?jql=id%3DHBASE-22935,TaskMonitor warns MonitoredRPCHandler task may be stuck when it recently started,[],0,0,0,0,0,0
HBASE-22929,https://issues.apache.org/jira/browse/HBASE-22929?jql=id%3DHBASE-22929,MemStoreLAB  ChunkCreator may memory leak,[],0,0,0,0,0,0
HBASE-22928,https://issues.apache.org/jira/browse/HBASE-22928?jql=id%3DHBASE-22928,ScanMetrics counter update may not happen in case of exception in TableRecordReaderImpl,[],0,0,0,0,0,0
HBASE-22926,https://issues.apache.org/jira/browse/HBASE-22926?jql=id%3DHBASE-22926,REST server should return 504 Gateway Timeout Error on scanner timeout,[],0,0,0,0,0,0
HBASE-22923,https://issues.apache.org/jira/browse/HBASE-22923?jql=id%3DHBASE-22923,hbase:meta is assigned to localhost when we downgrade the hbase version,[],0,0,0,0,0,0
HBASE-22922,https://issues.apache.org/jira/browse/HBASE-22922?jql=id%3DHBASE-22922,Only the two first regions are locked in MergeTableRegionsProcedure,[],0,0,0,0,0,0
HBASE-22918,https://issues.apache.org/jira/browse/HBASE-22918?jql=id%3DHBASE-22918,RegionServer violates failfast fault assumption,[],0,0,0,0,0,0
HBASE-22917,https://issues.apache.org/jira/browse/HBASE-22917?jql=id%3DHBASE-22917,Proc-WAL roll fails always saying someone else has already created log,[],0,0,0,0,0,0
HBASE-22915,https://issues.apache.org/jira/browse/HBASE-22915?jql=id%3DHBASE-22915,HBase version,[],0,0,0,0,0,0
HBASE-22904,https://issues.apache.org/jira/browse/HBASE-22904?jql=id%3DHBASE-22904,NPE occurs when RS send space quota usage report during HMaster init,[],0,0,0,0,0,0
HBASE-22903,https://issues.apache.org/jira/browse/HBASE-22903?jql=id%3DHBASE-22903,alter_status command is broken,[],0,0,0,0,0,0
HBASE-22902,https://issues.apache.org/jira/browse/HBASE-22902?jql=id%3DHBASE-22902,At regionserver start there's a request to roll the WAL,[],0,0,0,0,0,0
HBASE-22901,https://issues.apache.org/jira/browse/HBASE-22901?jql=id%3DHBASE-22901,TestFlushSnapshotFromClient is failing,[],0,0,0,0,0,0
HBASE-22900,https://issues.apache.org/jira/browse/HBASE-22900?jql=id%3DHBASE-22900,No longer include multiple httpcore and httpclient versions in binary package,[],0,0,0,0,0,0
HBASE-22896,https://issues.apache.org/jira/browse/HBASE-22896?jql=id%3DHBASE-22896,TestHRegion.testFlushMarkersWALFail is flaky,[],0,0,0,0,0,0
HBASE-22893,https://issues.apache.org/jira/browse/HBASE-22893?jql=id%3DHBASE-22893,Change the comment in HBaseClassTestRule to reflect change in default test timeouts,[],0,0,0,0,0,0
HBASE-22889,https://issues.apache.org/jira/browse/HBASE-22889?jql=id%3DHBASE-22889,hbase-shaded-client for Hbase 2.x does not include all the classes it needs at runtime,[],0,0,0,0,0,0
HBASE-22887,https://issues.apache.org/jira/browse/HBASE-22887?jql=id%3DHBASE-22887,HFileOutputFormat2 split a lot of HFile by roll once per rowkey,[],0,0,0,0,0,0
HBASE-22882,https://issues.apache.org/jira/browse/HBASE-22882?jql=id%3DHBASE-22882,TestFlushSnapshotFromClient#testConcurrentSnapshottingAttempts is flakey (was written flakey),[],0,0,0,0,0,0
HBASE-22881,https://issues.apache.org/jira/browse/HBASE-22881?jql=id%3DHBASE-22881,Fix non-daemon threads in hbase server implementation,[],0,0,0,0,0,0
HBASE-22879,https://issues.apache.org/jira/browse/HBASE-22879?jql=id%3DHBASE-22879,user_permission command failed to show global permission,[],0,0,0,0,0,0
HBASE-22877,https://issues.apache.org/jira/browse/HBASE-22877?jql=id%3DHBASE-22877,WebHDFS Based Export Snapshot will fail if hfile is in archive directory,[],0,0,0,0,0,0
HBASE-22875,https://issues.apache.org/jira/browse/HBASE-22875?jql=id%3DHBASE-22875,TestShell and TestAdminShell2 are broken,[],0,0,0,0,0,0
HBASE-22873,https://issues.apache.org/jira/browse/HBASE-22873?jql=id%3DHBASE-22873,Typo in block caching docs,[],0,0,0,0,0,0
HBASE-22870,https://issues.apache.org/jira/browse/HBASE-22870?jql=id%3DHBASE-22870,reflection fails to access a private nested class,[],0,0,0,0,0,0
HBASE-22868,https://issues.apache.org/jira/browse/HBASE-22868?jql=id%3DHBASE-22868,Fix NOTICE file,[],0,0,0,0,0,0
HBASE-22867,https://issues.apache.org/jira/browse/HBASE-22867?jql=id%3DHBASE-22867,The ForkJoinPool in CleanerChore will spawn thousands of threads in our cluster with thousands table,[],0,0,0,0,0,0
HBASE-22866,https://issues.apache.org/jira/browse/HBASE-22866?jql=id%3DHBASE-22866,Multiple slf4j-log4j provider versions included in binary package (branch-1),[],0,0,0,0,0,0
HBASE-22863,https://issues.apache.org/jira/browse/HBASE-22863?jql=id%3DHBASE-22863,Avoid Jackson versions and dependencies with known CVEs,[],0,0,0,0,0,0
HBASE-22862,https://issues.apache.org/jira/browse/HBASE-22862?jql=id%3DHBASE-22862,Region Server crash with: Added a key not lexically larger than previous,[],0,0,0,0,0,0
HBASE-22861,https://issues.apache.org/jira/browse/HBASE-22861?jql=id%3DHBASE-22861,[WAL] Merged region should get its WAL according to WALProvider.,[],0,0,0,0,0,0
HBASE-22860,https://issues.apache.org/jira/browse/HBASE-22860?jql=id%3DHBASE-22860,Master's webui returns NPE/HTTP 500 under maintenance mode,[],0,0,0,0,0,0
HBASE-22857,https://issues.apache.org/jira/browse/HBASE-22857?jql=id%3DHBASE-22857,Fix the failed ut TestHRegion and TestHRegionWithInMemoryFlush,[],0,0,0,0,0,0
HBASE-22856,https://issues.apache.org/jira/browse/HBASE-22856?jql=id%3DHBASE-22856,HBASE-Find-Flaky-Tests fails with pip error,[],0,0,0,0,0,0
HBASE-22855,https://issues.apache.org/jira/browse/HBASE-22855?jql=id%3DHBASE-22855,Find the root cause why still using the old hbase:meta location after meta region moving.,[],0,0,0,0,0,0
HBASE-22852,https://issues.apache.org/jira/browse/HBASE-22852?jql=id%3DHBASE-22852,hbase nightlies leaking gpg-agents,[],0,0,0,0,0,0
HBASE-22840,https://issues.apache.org/jira/browse/HBASE-22840?jql=id%3DHBASE-22840,Fix backport of HBASE-21325,[],0,0,0,0,0,0
HBASE-22838,https://issues.apache.org/jira/browse/HBASE-22838?jql=id%3DHBASE-22838,assembly:single failure: user id or group id 'xxxxx' is too big,[],0,0,0,0,0,0
HBASE-22837,https://issues.apache.org/jira/browse/HBASE-22837?jql=id%3DHBASE-22837,"Move ""Custom WAL Directory"" section from ""Bulk Loading"" to ""Write Ahead Log (WAL)"" chapter",[],0,0,0,0,0,0
FLUME-3343,https://issues.apache.org/jira/browse/FLUME-3343?jql=id%3DFLUME-3343,ConcurrentModificationException occurs in SpillableMemoryChannel,[],0,0,0,0,0,0
FLUME-3342,https://issues.apache.org/jira/browse/FLUME-3342?jql=id%3DFLUME-3342,Error with TaildirSource,[],0,0,0,0,0,0
FLUME-3341,https://issues.apache.org/jira/browse/FLUME-3341?jql=id%3DFLUME-3341,Taildir source may cause file handle leak and data duplication,[],0,0,0,0,0,0
FLUME-3337,https://issues.apache.org/jira/browse/FLUME-3337?jql=id%3DFLUME-3337,ChannelProcessor#processEventBatch() method catch exception code block may override actual exception,[],0,0,0,0,0,0
FLUME-3334,https://issues.apache.org/jira/browse/FLUME-3334?jql=id%3DFLUME-3334,TaildirSource tailFiles Map causing OOM when huge amount of files,[],0,0,0,0,0,0
FLUME-3333,https://issues.apache.org/jira/browse/FLUME-3333?jql=id%3DFLUME-3333,"KafkaSource will reprocess the same events through the Interceptor chain multiple times, if anything throws an Exception during doProcess",[],0,0,0,0,0,0
FLUME-3332,https://issues.apache.org/jira/browse/FLUME-3332?jql=id%3DFLUME-3332,MintorService.stop() method called twice when flume is stop,[],0,0,0,0,0,0
FLUME-3331,https://issues.apache.org/jira/browse/FLUME-3331?jql=id%3DFLUME-3331,Update User Guide In Hive Sink and Hdfs Sink,[],0,0,0,0,0,0
FLUME-3330,https://issues.apache.org/jira/browse/FLUME-3330?jql=id%3DFLUME-3330,number of parameters does not match in logging,[],0,0,0,0,0,0
FLUME-3329,https://issues.apache.org/jira/browse/FLUME-3329?jql=id%3DFLUME-3329,Unable to apply log4j.properties in flume-agent,[],0,0,0,0,0,0
FLUME-3328,https://issues.apache.org/jira/browse/FLUME-3328?jql=id%3DFLUME-3328,Fix Deprecated Properties table of HDFS Sink,[],0,0,0,0,0,0
FLUME-3326,https://issues.apache.org/jira/browse/FLUME-3326?jql=id%3DFLUME-3326,HDFSEventSink should log the exceptions before rolling back,['error handling'],0,0,0,0,1,0
FLUME-3325,https://issues.apache.org/jira/browse/FLUME-3325?jql=id%3DFLUME-3325,"TaildirSource causing oom when tailing a lot of files, where some file is writing frequently but the others are idle.",[],0,0,0,0,0,0
FLUME-3322,https://issues.apache.org/jira/browse/FLUME-3322?jql=id%3DFLUME-3322,Tests: Fixed error message on TestTaildirMatcher.java,[],0,0,0,0,0,0
FLUME-3321,https://issues.apache.org/jira/browse/FLUME-3321?jql=id%3DFLUME-3321, Do not free disk space after removing files on several computers,[],0,0,0,0,0,0
FLUME-3320,https://issues.apache.org/jira/browse/FLUME-3320?jql=id%3DFLUME-3320,Taildir source reset position bug,[],0,0,0,0,0,0
FLUME-3318,https://issues.apache.org/jira/browse/FLUME-3318?jql=id%3DFLUME-3318,Your project cloudera/flume is using buggy third-party libraries [WARNING],[],0,0,0,0,0,0
FLUME-3316,https://issues.apache.org/jira/browse/FLUME-3316?jql=id%3DFLUME-3316,Syslog Rfc3164Date test fails when the test date falls on a leap day,[],0,0,0,0,0,0
FLUME-3315,https://issues.apache.org/jira/browse/FLUME-3315?jql=id%3DFLUME-3315,[KafkaSink][KafkaSource] Impossible to disable hostname verification with SSL enryption,[],0,0,0,0,0,0
FLUME-3314,https://issues.apache.org/jira/browse/FLUME-3314?jql=id%3DFLUME-3314,Flume kafka source/channel throws NPE when migrateOffsets() is called on nonexistent topics,[],0,0,0,0,0,0
FLUME-3313,https://issues.apache.org/jira/browse/FLUME-3313?jql=id%3DFLUME-3313,Multiple agents cannot connect to same JMS Durable,[],0,0,0,0,0,0
FLUME-3312,https://issues.apache.org/jira/browse/FLUME-3312?jql=id%3DFLUME-3312,"Download page should use https for KEYS, sigs and hashes",[],0,0,0,0,0,0
FLUME-3311,https://issues.apache.org/jira/browse/FLUME-3311?jql=id%3DFLUME-3311,Update Wrong Use In HDFS Sink,[],0,0,0,0,0,0
FLUME-3308,https://issues.apache.org/jira/browse/FLUME-3308?jql=id%3DFLUME-3308,TailDirSource will write an empty position json file,[],0,0,0,0,0,0
FLUME-3306,https://issues.apache.org/jira/browse/FLUME-3306?jql=id%3DFLUME-3306,RollingFileSink sink.directory not exits,[],0,0,0,0,0,0
FLUME-3304,https://issues.apache.org/jira/browse/FLUME-3304?jql=id%3DFLUME-3304,hdfs sink rename empty file,[],0,0,0,0,0,0
FLUME-3299,https://issues.apache.org/jira/browse/FLUME-3299?jql=id%3DFLUME-3299,Fix log4j scopes in pom files,[],0,0,0,0,0,0
FLUME-3298,https://issues.apache.org/jira/browse/FLUME-3298?jql=id%3DFLUME-3298,Make hadoop-common optional in flume-ng-hadoop-credential-store-config-filter,[],0,0,0,0,0,0
FLUME-3297,https://issues.apache.org/jira/browse/FLUME-3297?jql=id%3DFLUME-3297,HDFS sink name collision,[],0,0,0,0,0,0
FLUME-3294,https://issues.apache.org/jira/browse/FLUME-3294?jql=id%3DFLUME-3294,Fix polling logic in TaildirSource,[],0,0,0,0,0,0
FLUME-3279,https://issues.apache.org/jira/browse/FLUME-3279?jql=id%3DFLUME-3279,hive sink cannot work after a HeartBeatFailure,[],0,0,0,0,0,0
FLUME-3278,https://issues.apache.org/jira/browse/FLUME-3278?jql=id%3DFLUME-3278,Handling -D keystore parameters in Kafka components,[],0,0,0,0,0,0
FLUME-3277,https://issues.apache.org/jira/browse/FLUME-3277?jql=id%3DFLUME-3277,Flume connect to ElasticSearch 6.4 failed after adding es jars into flume directory,[],0,0,0,0,0,0
FLUME-3274,https://issues.apache.org/jira/browse/FLUME-3274?jql=id%3DFLUME-3274,KafkaSource and JMSSource can get stuck at startup connection exception,[],0,0,0,0,0,0
FLUME-3273,https://issues.apache.org/jira/browse/FLUME-3273?jql=id%3DFLUME-3273,Avro Flume source throws java.nio.channels.ClosedChannelException when a client is being disconnected,[],0,0,0,0,0,0
FLUME-3270,https://issues.apache.org/jira/browse/FLUME-3270?jql=id%3DFLUME-3270,Close JMS resources in JMSMessageConsumer constructor in case of failure,[],0,0,0,0,0,0
FLUME-3267,https://issues.apache.org/jira/browse/FLUME-3267?jql=id%3DFLUME-3267,flume taildir will lost log when log rolling,[],0,0,0,0,0,0
FLUME-3266,https://issues.apache.org/jira/browse/FLUME-3266?jql=id%3DFLUME-3266,the parameters of fsyncPerTransaction are not working ,[],0,0,0,0,0,0
FLUME-3265,https://issues.apache.org/jira/browse/FLUME-3265?jql=id%3DFLUME-3265,Cannot set batch-size for LoadBalancingRpcClient,[],0,0,0,0,0,0
CASSANDRA-15296,https://issues.apache.org/jira/browse/CASSANDRA-15296?jql=id%3DCASSANDRA-15296,ZstdCompressor compression_level setting,[],0,0,0,0,0,0
CASSANDRA-15295,https://issues.apache.org/jira/browse/CASSANDRA-15295?jql=id%3DCASSANDRA-15295,Running into deadlock when do CommitLog initialization,[],0,0,0,0,0,0
CASSANDRA-15293,https://issues.apache.org/jira/browse/CASSANDRA-15293?jql=id%3DCASSANDRA-15293,Static columns not include in mutation size calculation,[],0,0,0,0,0,0
CASSANDRA-15292,https://issues.apache.org/jira/browse/CASSANDRA-15292?jql=id%3DCASSANDRA-15292,Point-in-time recovery ignoring timestamp of static column updates,[],0,0,0,0,0,0
CASSANDRA-15289,https://issues.apache.org/jira/browse/CASSANDRA-15289?jql=id%3DCASSANDRA-15289,bad merge reverted CASSANDRA-14993,[],0,0,0,0,0,0
CASSANDRA-15287,https://issues.apache.org/jira/browse/CASSANDRA-15287?jql=id%3DCASSANDRA-15287,Inaccurate exception message with nodetool snapshot ,[],0,0,0,0,0,0
CASSANDRA-15284,https://issues.apache.org/jira/browse/CASSANDRA-15284?jql=id%3DCASSANDRA-15284,AssertionError while scrubbing sstable,[],0,0,0,0,0,0
CASSANDRA-15283,https://issues.apache.org/jira/browse/CASSANDRA-15283?jql=id%3DCASSANDRA-15283,nodetool statushandoff does not list max hint window,[],0,0,0,0,0,0
CASSANDRA-15282,https://issues.apache.org/jira/browse/CASSANDRA-15282?jql=id%3DCASSANDRA-15282,nodetool tablestats does not list bytes repaired/unrepaired,[],0,0,0,0,0,0
CASSANDRA-15281,https://issues.apache.org/jira/browse/CASSANDRA-15281?jql=id%3DCASSANDRA-15281,help for clearsnapshot needs to be updated to indicate requirement for --all,[],0,0,0,0,0,0
CASSANDRA-15280,https://issues.apache.org/jira/browse/CASSANDRA-15280?jql=id%3DCASSANDRA-15280,Update help for  nodetool tablehistograms,[],0,0,0,0,0,0
CASSANDRA-15279,https://issues.apache.org/jira/browse/CASSANDRA-15279?jql=id%3DCASSANDRA-15279,Remove overly conservative check breaking VirtualTable unit test,[],0,0,0,0,0,0
CASSANDRA-15278,https://issues.apache.org/jira/browse/CASSANDRA-15278?jql=id%3DCASSANDRA-15278,User's password for sstableloader tool is visible in ps command output.,[],0,0,0,0,0,0
CASSANDRA-15276,https://issues.apache.org/jira/browse/CASSANDRA-15276?jql=id%3DCASSANDRA-15276,SSTableLoader failes if loading large table,[],0,0,0,0,0,0
CASSANDRA-15275,https://issues.apache.org/jira/browse/CASSANDRA-15275?jql=id%3DCASSANDRA-15275,Repair failed due to data corruption in one of the production table,[],0,0,0,0,0,0
CASSANDRA-15274,https://issues.apache.org/jira/browse/CASSANDRA-15274?jql=id%3DCASSANDRA-15274,Multiple Corrupt datafiles across entire environment ,[],0,0,0,0,0,0
CASSANDRA-15273,https://issues.apache.org/jira/browse/CASSANDRA-15273?jql=id%3DCASSANDRA-15273,cassandra does not start with new systemd version,[],0,0,0,0,0,0
CASSANDRA-15271,https://issues.apache.org/jira/browse/CASSANDRA-15271?jql=id%3DCASSANDRA-15271,"CASSANDRA-13426 changed the behavior of ""CLUSTERING ORDER"" on ""CREATE TABLE""",[],0,0,0,0,0,0
CASSANDRA-15270,https://issues.apache.org/jira/browse/CASSANDRA-15270?jql=id%3DCASSANDRA-15270,cassandra jdbc connection string from exasol,[],0,0,0,0,0,0
CASSANDRA-15269,https://issues.apache.org/jira/browse/CASSANDRA-15269?jql=id%3DCASSANDRA-15269,Cassandra fails to process OperationExecutionException which causes ClassCastException,[],0,0,0,0,0,0
CASSANDRA-15267,https://issues.apache.org/jira/browse/CASSANDRA-15267?jql=id%3DCASSANDRA-15267,Client error metrics not updated when no host is available,[],0,0,0,0,0,0
CASSANDRA-15266,https://issues.apache.org/jira/browse/CASSANDRA-15266?jql=id%3DCASSANDRA-15266,java internal exception on attempt to UPDATE a row using CONTAINS operator,[],0,0,0,0,0,0
CASSANDRA-15265,https://issues.apache.org/jira/browse/CASSANDRA-15265?jql=id%3DCASSANDRA-15265,Index summary redistribution can start even when compactions are paused,[],0,0,0,0,0,0
CASSANDRA-15263,https://issues.apache.org/jira/browse/CASSANDRA-15263?jql=id%3DCASSANDRA-15263,LegacyLayout RangeTombstoneList throws java.lang.NullPointerException: null,[],0,0,0,0,0,0
CASSANDRA-15262,https://issues.apache.org/jira/browse/CASSANDRA-15262?jql=id%3DCASSANDRA-15262,server_encryption_options is not backwards compatible with 3.11,[],0,0,0,0,0,0
CASSANDRA-15259,https://issues.apache.org/jira/browse/CASSANDRA-15259?jql=id%3DCASSANDRA-15259,Selecting Index by Lowest Mean Column Count Selects Random Index,[],0,0,0,0,0,0
CASSANDRA-15258,https://issues.apache.org/jira/browse/CASSANDRA-15258?jql=id%3DCASSANDRA-15258,Cassandra JDK11 Windows not working,[],0,0,0,0,0,0
CASSANDRA-15253,https://issues.apache.org/jira/browse/CASSANDRA-15253?jql=id%3DCASSANDRA-15253,reboot Cassandra,[],0,0,0,0,0,0
CASSANDRA-15252,https://issues.apache.org/jira/browse/CASSANDRA-15252?jql=id%3DCASSANDRA-15252,Don't consider current keyspace in prepared statement id when the query is qualified,[],0,0,0,0,0,0
CASSANDRA-15251,https://issues.apache.org/jira/browse/CASSANDRA-15251?jql=id%3DCASSANDRA-15251,""" cassandra.service failed "" while running command ""service cassandra start""",[],0,0,0,0,0,0
CASSANDRA-15250,https://issues.apache.org/jira/browse/CASSANDRA-15250?jql=id%3DCASSANDRA-15250,Large cartesian produces in IN queries cause the server to run out of memory,[],0,0,0,0,0,0
CASSANDRA-15245,https://issues.apache.org/jira/browse/CASSANDRA-15245?jql=id%3DCASSANDRA-15245,cassandra-all| library uses non-existent Guava classes,[],0,0,0,0,0,0
CASSANDRA-15244,https://issues.apache.org/jira/browse/CASSANDRA-15244?jql=id%3DCASSANDRA-15244,"After Delete the data for particular partition , even still selecting that row. nodes all are in sync. we did full repair as well.",[],0,0,0,0,0,0
CASSANDRA-15243,https://issues.apache.org/jira/browse/CASSANDRA-15243?jql=id%3DCASSANDRA-15243,removenode can cause QUORUM write queries to fail,[],0,0,0,0,0,0
CASSANDRA-15242,https://issues.apache.org/jira/browse/CASSANDRA-15242?jql=id%3DCASSANDRA-15242,Race condition between flushing and compaction stalls compaction indefinitely,[],0,0,0,0,0,0
CASSANDRA-15239,https://issues.apache.org/jira/browse/CASSANDRA-15239?jql=id%3DCASSANDRA-15239,[flaky in-mem dtest] nodeDownDuringMove - org.apache.cassandra.distributed.test.GossipTest,[],0,0,0,0,0,0
CASSANDRA-15238,https://issues.apache.org/jira/browse/CASSANDRA-15238?jql=id%3DCASSANDRA-15238,Verifier does not detect out-of-order cells (while Scrubber does),[],0,0,0,0,0,0
CASSANDRA-15236,https://issues.apache.org/jira/browse/CASSANDRA-15236?jql=id%3DCASSANDRA-15236,"date, smallint, time, and tinyint types should be fixed length",[],0,0,0,0,0,0
CASSANDRA-15234,https://issues.apache.org/jira/browse/CASSANDRA-15234?jql=id%3DCASSANDRA-15234,Standardise config and JVM parameters,[],0,0,0,0,0,0
CASSANDRA-15231,https://issues.apache.org/jira/browse/CASSANDRA-15231?jql=id%3DCASSANDRA-15231,nodetool status shows DN when node is decommission,[],0,0,0,0,0,0
CASSANDRA-15230,https://issues.apache.org/jira/browse/CASSANDRA-15230?jql=id%3DCASSANDRA-15230,Resizing window aborts cqlsh COPY: Interrupted system call,[],0,0,0,0,0,0
CASSANDRA-15229,https://issues.apache.org/jira/browse/CASSANDRA-15229?jql=id%3DCASSANDRA-15229,BufferPool Regression,[],0,0,0,0,0,0
CASSANDRA-15228,https://issues.apache.org/jira/browse/CASSANDRA-15228?jql=id%3DCASSANDRA-15228,CommitLogReplayer should replay past final sync marker,[],0,0,0,0,0,0
CASSANDRA-15225,https://issues.apache.org/jira/browse/CASSANDRA-15225?jql=id%3DCASSANDRA-15225,FileUtils.close() does not handle non-IOException,[],0,0,0,0,0,0
CASSANDRA-15224,https://issues.apache.org/jira/browse/CASSANDRA-15224?jql=id%3DCASSANDRA-15224,DynamicSnitch.applyConfigChanges can corrupt snitch state,[],0,0,0,0,0,0
CASSANDRA-15223,https://issues.apache.org/jira/browse/CASSANDRA-15223?jql=id%3DCASSANDRA-15223,OutboundTcpConnection leaks direct memory,[],0,0,0,0,0,0
CASSANDRA-15218,https://issues.apache.org/jira/browse/CASSANDRA-15218?jql=id%3DCASSANDRA-15218,NativeTransport allocates heap buffers for compression,[],0,0,0,0,0,0
CASSANDRA-15217,https://issues.apache.org/jira/browse/CASSANDRA-15217?jql=id%3DCASSANDRA-15217,IntervalLock uses currentTimeMillis; should use monotonic time source,[],0,0,0,0,0,0
CASSANDRA-15216,https://issues.apache.org/jira/browse/CASSANDRA-15216?jql=id%3DCASSANDRA-15216,Cross node message creation times are disabled by default,[],0,0,0,0,0,0
CASSANDRA-15215,https://issues.apache.org/jira/browse/CASSANDRA-15215?jql=id%3DCASSANDRA-15215,VIntCoding should read and write more efficiently,[],0,0,0,0,0,0
ZOOKEEPER-3526,https://issues.apache.org/jira/browse/ZOOKEEPER-3526?jql=id%3DZOOKEEPER-3526,"When a zk Node just become the leader,synchronizing with Follower in the first time, the value of maxCommittedLog may be smaller than the value of  minCommittedLogï¼Œis that a problem?",[],0,0,0,0,0,0
ZOOKEEPER-3524,https://issues.apache.org/jira/browse/ZOOKEEPER-3524?jql=id%3DZOOKEEPER-3524, LearnerMetricsTest.testLearnerMetricsTest is flaky again,[],0,0,0,0,0,0
ZOOKEEPER-3521,https://issues.apache.org/jira/browse/ZOOKEEPER-3521?jql=id%3DZOOKEEPER-3521,equals generate by jute potentially cause NPE,[],0,0,0,0,0,0
ZOOKEEPER-3520,https://issues.apache.org/jira/browse/ZOOKEEPER-3520?jql=id%3DZOOKEEPER-3520,KeeperException is good to have a error message field besides path,[],0,0,0,0,0,0
ZOOKEEPER-3518,https://issues.apache.org/jira/browse/ZOOKEEPER-3518?jql=id%3DZOOKEEPER-3518,owasp check flagging jackson-databind 2.9.9.1,[],0,0,0,0,0,0
ZOOKEEPER-3516,https://issues.apache.org/jira/browse/ZOOKEEPER-3516?jql=id%3DZOOKEEPER-3516,Zookeeper not working with enabling ssl and remote authentication,[],0,0,0,0,0,0
ZOOKEEPER-3515,https://issues.apache.org/jira/browse/ZOOKEEPER-3515?jql=id%3DZOOKEEPER-3515,server.xml howing keystore and truststore passwords as clear text,[],0,0,0,0,0,0
ZOOKEEPER-3513,https://issues.apache.org/jira/browse/ZOOKEEPER-3513?jql=id%3DZOOKEEPER-3513,Zookeeper upgrade fails due to missing snapshots,[],0,0,0,0,0,0
ZOOKEEPER-3510,https://issues.apache.org/jira/browse/ZOOKEEPER-3510?jql=id%3DZOOKEEPER-3510,Frequent 'zkServer.sh stop' failures when running C test suite,[],0,0,0,0,0,0
ZOOKEEPER-3504,https://issues.apache.org/jira/browse/ZOOKEEPER-3504?jql=id%3DZOOKEEPER-3504,An information leakage from FileTxnSnapLog to log:,[],0,0,0,0,0,0
ZOOKEEPER-3498,https://issues.apache.org/jira/browse/ZOOKEEPER-3498?jql=id%3DZOOKEEPER-3498,In zookeeper-jute project generated source should not be in target\classes folder,[],0,0,0,0,0,0
ZOOKEEPER-3496,https://issues.apache.org/jira/browse/ZOOKEEPER-3496?jql=id%3DZOOKEEPER-3496,Transaction larger than jute.maxbuffer makes ZooKeeper unavailable,[],0,0,0,0,0,0
ZOOKEEPER-3490,https://issues.apache.org/jira/browse/ZOOKEEPER-3490?jql=id%3DZOOKEEPER-3490,Zookeeper followers not reflecting writes (after months),[],0,0,0,0,0,0
ZOOKEEPER-3489,https://issues.apache.org/jira/browse/ZOOKEEPER-3489?jql=id%3DZOOKEEPER-3489,Possible information leakage to log without LOG configuration control LOG.isWarnEnabled(),['configuration'],0,1,0,0,0,0
ZOOKEEPER-3488,https://issues.apache.org/jira/browse/ZOOKEEPER-3488?jql=id%3DZOOKEEPER-3488,Possible information leakage to log without LOG configuration control LOG.isInfoEnabled(),['configuration'],0,1,0,0,0,0
ZOOKEEPER-3482,https://issues.apache.org/jira/browse/ZOOKEEPER-3482?jql=id%3DZOOKEEPER-3482,SASL (Kerberos) Authentication with SSL for clients and Quorum,[],0,0,0,0,0,0
ZOOKEEPER-3479,https://issues.apache.org/jira/browse/ZOOKEEPER-3479?jql=id%3DZOOKEEPER-3479,Logging false leader election times,[],0,0,0,0,0,0
ZOOKEEPER-3478,https://issues.apache.org/jira/browse/ZOOKEEPER-3478?jql=id%3DZOOKEEPER-3478,Leader restart shuts down all the followers,[],0,0,0,0,0,0
ZOOKEEPER-3471,https://issues.apache.org/jira/browse/ZOOKEEPER-3471?jql=id%3DZOOKEEPER-3471,Potential lock unavailable due to dangling ephemeral nodes left during local session upgrading,[],0,0,0,0,0,0
ZOOKEEPER-3466,https://issues.apache.org/jira/browse/ZOOKEEPER-3466?jql=id%3DZOOKEEPER-3466,"ZK cluster converges, but does not properly handle client connections (new in 3.5.5)",[],0,0,0,0,0,0
ZOOKEEPER-3460,https://issues.apache.org/jira/browse/ZOOKEEPER-3460?jql=id%3DZOOKEEPER-3460,Zookeeper 3.4.13: keeps crashing after a repave in cloudnative environment.,[],0,0,0,0,0,0
ZOOKEEPER-3456,https://issues.apache.org/jira/browse/ZOOKEEPER-3456?jql=id%3DZOOKEEPER-3456,Service temporarily unavailable due to an ongoing leader election. Please refresh,[],0,0,0,0,0,0
ZOOKEEPER-3445,https://issues.apache.org/jira/browse/ZOOKEEPER-3445?jql=id%3DZOOKEEPER-3445,Concurrency issue in ReferenceCountedACLCache,[],0,0,0,0,0,0
ZOOKEEPER-3444,https://issues.apache.org/jira/browse/ZOOKEEPER-3444?jql=id%3DZOOKEEPER-3444,Latest stable version will not start on Windows Server 2016 (DataCenter edition) and Java 8,[],0,0,0,0,0,0
ZOOKEEPER-3442,https://issues.apache.org/jira/browse/ZOOKEEPER-3442?jql=id%3DZOOKEEPER-3442,OWASP jenkins failing due to jackson databind CVE published,[],0,0,0,0,0,0
ZOOKEEPER-3440,https://issues.apache.org/jira/browse/ZOOKEEPER-3440?jql=id%3DZOOKEEPER-3440,Fix Apache RAT check by excluding binary files (images),[],0,0,0,0,0,0
ZOOKEEPER-3438,https://issues.apache.org/jira/browse/ZOOKEEPER-3438?jql=id%3DZOOKEEPER-3438,Flaky test:org.apache.zookeeper.server.PrepRequestProcessorMetricsTest.testPrepRequestProcessorMetrics,[],0,0,0,0,0,0
ZOOKEEPER-3435,https://issues.apache.org/jira/browse/ZOOKEEPER-3435?jql=id%3DZOOKEEPER-3435,client session expired after timeout after errors and warning logs in zk server logs,[],0,0,0,0,0,0
ZOOKEEPER-3433,https://issues.apache.org/jira/browse/ZOOKEEPER-3433?jql=id%3DZOOKEEPER-3433,zkpython build broken after maven migration,[],0,0,0,0,0,0
ZOOKEEPER-3426,https://issues.apache.org/jira/browse/ZOOKEEPER-3426?jql=id%3DZOOKEEPER-3426,ZK prime_connection(the Handshake) can complete without reading all the payload.,[],0,0,0,0,0,0
ZOOKEEPER-3424,https://issues.apache.org/jira/browse/ZOOKEEPER-3424?jql=id%3DZOOKEEPER-3424,download page file package broken,[],0,0,0,0,0,0
ZOOKEEPER-3420,https://issues.apache.org/jira/browse/ZOOKEEPER-3420?jql=id%3DZOOKEEPER-3420,"With newer ZK C Client and older ZK server, recv_buffer() could potentially return 0 continuously on non-blocking socket",[],0,0,0,0,0,0
ZOOKEEPER-3414,https://issues.apache.org/jira/browse/ZOOKEEPER-3414?jql=id%3DZOOKEEPER-3414,sync api should throw NoNodeException when syncing a path which is not exist,[],0,0,0,0,0,0
ZOOKEEPER-3412,https://issues.apache.org/jira/browse/ZOOKEEPER-3412?jql=id%3DZOOKEEPER-3412,Bad signature of tarball 3.5.5 on EU mirror,[],0,0,0,0,0,0
ZOOKEEPER-3410,https://issues.apache.org/jira/browse/ZOOKEEPER-3410?jql=id%3DZOOKEEPER-3410,./zkTxnLogToolkit.sh will throw the NPE and stop the process of formatting txn logs due to the data's content is null,[],0,0,0,0,0,0
ZOOKEEPER-3405,https://issues.apache.org/jira/browse/ZOOKEEPER-3405?jql=id%3DZOOKEEPER-3405,owasp flagging jackson-databind,[],0,0,0,0,0,0
ZOOKEEPER-3404,https://issues.apache.org/jira/browse/ZOOKEEPER-3404?jql=id%3DZOOKEEPER-3404,BouncyCastle upgrade to 1.61 might cause flaky test issues,[],0,0,0,0,0,0
ZOOKEEPER-3403,https://issues.apache.org/jira/browse/ZOOKEEPER-3403?jql=id%3DZOOKEEPER-3403,Zookeeper bundle 3.5.5 is Non OSGi complaint,[],0,0,0,0,0,0
ZOOKEEPER-3399,https://issues.apache.org/jira/browse/ZOOKEEPER-3399?jql=id%3DZOOKEEPER-3399,Remove logging in getGlobalOutstandingLimit for optimal performance.,[],0,0,0,0,0,0
ZOOKEEPER-3397,https://issues.apache.org/jira/browse/ZOOKEEPER-3397?jql=id%3DZOOKEEPER-3397,API docs are incorrectly linked in release artifacts,[],0,0,0,0,0,0
ZOOKEEPER-3393,https://issues.apache.org/jira/browse/ZOOKEEPER-3393?jql=id%3DZOOKEEPER-3393,Read-only file system may make the whole ZooKeeper cluster to be unavailable.,[],0,0,0,0,0,0
ZOOKEEPER-3390,https://issues.apache.org/jira/browse/ZOOKEEPER-3390?jql=id%3DZOOKEEPER-3390,Broken Link - Release Notes (PDF),[],0,0,0,0,0,0
ZOOKEEPER-3389,https://issues.apache.org/jira/browse/ZOOKEEPER-3389?jql=id%3DZOOKEEPER-3389,Zookeeper does not export all required packages in OSGi (needed for curator),[],0,0,0,0,0,0
ZOOKEEPER-3373,https://issues.apache.org/jira/browse/ZOOKEEPER-3373?jql=id%3DZOOKEEPER-3373,"need change description for ""Single System Image"" guarantee in document",[],0,0,0,0,0,0
ZOOKEEPER-3367,https://issues.apache.org/jira/browse/ZOOKEEPER-3367?jql=id%3DZOOKEEPER-3367,"Zookeeper 3.4.14 Maven jar pulls in spotbugs-annotations, which is under LGPL license",[],0,0,0,0,0,0
ZOOKEEPER-3356,https://issues.apache.org/jira/browse/ZOOKEEPER-3356?jql=id%3DZOOKEEPER-3356,Request throttling in Netty is not working as expected and could cause direct buffer OOM issue ,[],0,0,0,0,0,0
ZOOKEEPER-3337,https://issues.apache.org/jira/browse/ZOOKEEPER-3337?jql=id%3DZOOKEEPER-3337,Maven build failed with user or group id is too big ,[],0,0,0,0,0,0
ZOOKEEPER-3336,https://issues.apache.org/jira/browse/ZOOKEEPER-3336?jql=id%3DZOOKEEPER-3336,"Leader election terminated, two leaders or not following leader or not having state",[],0,0,0,0,0,0
ZOOKEEPER-3334,https://issues.apache.org/jira/browse/ZOOKEEPER-3334?jql=id%3DZOOKEEPER-3334,./zkCli.sh cannot create the node,[],0,0,0,0,0,0
ZOOKEEPER-3330,https://issues.apache.org/jira/browse/ZOOKEEPER-3330?jql=id%3DZOOKEEPER-3330,[zookeeper-docs]:the index.md's navigation is broken,[],0,0,0,0,0,0
